{
  "$schema": "https://biomejs.dev/schemas/1.9.3/schema.json",
  "vcs": {
    "enabled": false,
    "clientKind": "git",
    "useIgnoreFile": false
  },
  "files": { 
    "ignoreUnknown": false, 
    "ignore": [] 
  },
  "formatter": { 
    "enabled": true, 
    "indentStyle": "space",
    "lineWidth": 100
  },
  "organizeImports": { 
    "enabled": true 
  },
  "linter": {
    "enabled": true,
    "rules": { "recommended": true }
  },
  "javascript": { 
    "formatter": { 
      "quoteStyle": "single",
      "lineWidth": 120
     } 
  },
  "json": {
    "formatter": {
      "enabled": false
    }
  }
}